Wine2009,Wine2017,Per Capita Increase(2009-2017)
0.57,0.58,0.010000000000000009
0.46,0.52,0.06
0.49,0.59,0.09999999999999998
0.28,0.35,0.06999999999999995
0.51,0.52,0.010000000000000009
